{
  "cv_scores": [
    0.6306666666666667,
    0.704,
    0.588,
    0.6666666666666666,
    0.26428571428571435
  ],
  "cv_mean": 0.5707238095238095,
  "cv_std": 0.15796423258291795,
  "test_auc": 0.629881154499151,
  "test_accuracy": 0.2345679012345679,
  "test_logloss": 1.2855819551988017,
  "predictions": [
    0.8097931146621704,
    0.8275153040885925,
    0.7966098785400391,
    0.8013321161270142,
    0.8042397499084473,
    0.7885112762451172,
    0.7918277382850647,
    0.8151618242263794,
    0.817440390586853,
    0.8133792877197266,
    0.8289364576339722,
    0.8033105731010437,
    0.8218615651130676,
    0.8144004940986633,
    0.792214035987854,
    0.7936763763427734,
    0.8032825589179993,
    0.7828575372695923,
    0.7926058769226074,
    0.7974149584770203,
    0.7918372750282288,
    0.7964410781860352,
    0.8114591836929321,
    0.8007352948188782,
    0.8091557621955872,
    0.8040912747383118,
    0.8055523037910461,
    0.7849680185317993,
    0.7853974103927612,
    0.788922905921936,
    0.8096076250076294,
    0.8230379223823547,
    0.7945706844329834,
    0.8052818179130554,
    0.7946354150772095,
    0.7947602868080139,
    0.7926268577575684,
    0.8160840272903442,
    0.7965481281280518,
    0.8046029806137085,
    0.7953798770904541,
    0.8100595474243164,
    0.7985650897026062,
    0.8027240633964539,
    0.7993891835212708,
    0.8031622171401978,
    0.7999057769775391,
    0.793549656867981,
    0.7948778867721558,
    0.8240923881530762,
    0.7911539673805237,
    0.7963519096374512,
    0.8053895831108093,
    0.7856461405754089,
    0.7952436208724976,
    0.7897924184799194,
    0.8201972246170044,
    0.7978453040122986,
    0.8162447214126587,
    0.7985206246376038,
    0.8037201166152954,
    0.7874400019645691,
    0.8093755841255188,
    0.7841941118240356,
    0.8035589456558228,
    0.7925049066543579,
    0.8128151893615723,
    0.8089779019355774,
    0.8061174154281616,
    0.8153694868087769,
    0.7997629046440125,
    0.7897312641143799,
    0.789880096912384,
    0.8106971979141235,
    0.7974141836166382,
    0.7903783321380615,
    0.8044492602348328,
    0.798992395401001,
    0.7971408367156982,
    0.7954715490341187,
    0.80601966381073
  ],
  "feature_importance": [
    {
      "feature": "Age",
      "importance": 0.003098677309817465
    },
    {
      "feature": "rh_entorhinal",
      "importance": 0.0030894072278594776
    },
    {
      "feature": "total_entorhinal",
      "importance": 0.0021468381630425255
    },
    {
      "feature": "ventricle_to_brain_ratio",
      "importance": 0.002005725677417488
    },
    {
      "feature": "lh_thalamus",
      "importance": 0.0017712046516108618
    },
    {
      "feature": "lh_lateral_ventricle",
      "importance": 0.0016691798986163994
    },
    {
      "feature": "total_ventricles",
      "importance": 0.0016113448320113773
    },
    {
      "feature": "rh_lateral_ventricle",
      "importance": 0.0014706689291411543
    },
    {
      "feature": "hippocampus_to_brain_ratio",
      "importance": 0.0014002573916427994
    },
    {
      "feature": "rh_thalamus",
      "importance": 0.0013933926340211219
    },
    {
      "feature": "lh_parahippocampal",
      "importance": 0.001349719413407632
    },
    {
      "feature": "nWBV",
      "importance": 0.001247062986894241
    },
    {
      "feature": "lh_entorhinal",
      "importance": 0.001185721191310727
    },
    {
      "feature": "rh_parahippocampal",
      "importance": 0.0010947181239137113
    },
    {
      "feature": "entorhinal_asymmetry",
      "importance": 0.0009987137831248317
    },
    {
      "feature": "lh_hippocampus",
      "importance": 0.0008269951574448925
    },
    {
      "feature": "total_hippocampus",
      "importance": 0.0008234195735944221
    },
    {
      "feature": "rh_hippocampus",
      "importance": 0.0007727993059490248
    },
    {
      "feature": "M/F",
      "importance": 0.0006608898154611291
    },
    {
      "feature": "ASF",
      "importance": 0.0004254086467368555
    },
    {
      "feature": "hippocampus_asymmetry",
      "importance": 0.0001574300921403584
    }
  ]
}